first_name,last_name,email,password
Edrian,Evangelista,edrian.evangelista@gmail.com,$2b$12$/f8ixLPi7iNDfGAsQl8oT.b7jJ3CSvo6fVvChTVknVmBdME7qVtcS
Joaquin,Paics,jlp@gmail.com,$2b$12$5Q7X82ZiJEt3HT0SiG.aheldldpm0Lu1Z3iumjQsHM5qnhYmCE0Se
Edrian,Evangelista,edrian.evangelista@gmail.com,$2b$12$/f8ixLPi7iNDfGAsQl8oT.b7jJ3CSvo6fVvChTVknVmBdME7qVtcS
<<<<<<< HEAD
test,test,test@gmail.com,$2b$12$h1lzCAPRFzjM9Fw4hQfc4.eMz7w86tvyA.vnCB1MJwQrDBto7e8Zm
earl,david,earl1234@gmail.com,$2b$12$35RDpl2wqeD5vuCPb6QRdOp/hrSed.jlqyyHhbkeuqR6sLxM6QtRe
=======
test,test,test@gmail.com,$2b$12$lhOma6HoX9qb2s059alzm.uYgs/vlAb1YTy6cghLX44Sf7Hqlj.9W
>>>>>>> origin/Joaquin
